cluster_id,kelas_sawah,varietas,date,evi,ndvi
-2063126117,sawah,Rojolele Srinuk,2026-03-08,0.2975306839592034,0.06878390901331459
-2063126117,sawah,Rojolele Srinuk,2026-03-13,0.2624549975798976,0.7008891469047915
-2063126117,sawah,Rojolele Srinuk,2026-03-15,0.4320782986379439,0.46501059911904796
-2063126117,sawah,Rojolele Srinuk,2026-03-23,0.45727811503794885,0.6548947776517561
-2063126117,sawah,Rojolele Srinuk,2026-03-28,0.5637589264300562,0.5819474995136261
-2063126117,sawah,Rojolele Srinuk,2026-04-04,0.6041290396644223,0.22588188552087354
-2063126117,sawah,Rojolele Srinuk,2026-04-07,0.5706603454005333,0.773242493983238
-2063126117,sawah,Rojolele Srinuk,2026-04-12,0.318384630160947,0.7257281462992391
-2063126117,sawah,Rojolele Srinuk,2026-04-17,0.6221033763500952,0.771612947986972
-2063126117,sawah,Rojolele Srinuk,2026-04-24,0.28361436618912605,0.7153224473999392
-2063126117,sawah,Rojolele Srinuk,2026-05-02,0.5385860791129451,0.5491593932432514
-2063126117,sawah,Rojolele Srinuk,2026-05-07,0.5819442849005422,0.793513524147772
-2063126117,sawah,Rojolele Srinuk,2026-05-12,0.274485175599975,0.056984957780749086
-2063126117,sawah,Rojolele Srinuk,2026-05-14,0.5198371668015757,0.7256776755855929
-2063126117,sawah,Rojolele Srinuk,2026-05-17,0.6549234824795876,0.7513963160976287
-2063126117,sawah,Rojolele Srinuk,2026-05-27,0.5140035497565423,0.7027898505810768
-1868060578,non-sawah,non-sawah,2026-03-08,0.6727805203861661,0.1670719219578637
-1868060578,non-sawah,non-sawah,2026-03-13,0.6469640996721056,0.8165792425473531
-1868060578,non-sawah,non-sawah,2026-03-15,0.6382261647118462,0.7273611889945136
-1868060578,non-sawah,non-sawah,2026-03-23,0.6127403113577101,0.8002495898140801
-1868060578,non-sawah,non-sawah,2026-03-28,0.6474771797657013,0.10546044177479214
-1868060578,non-sawah,non-sawah,2026-04-04,0.50247237417433,0.24855640696154702
-1868060578,non-sawah,non-sawah,2026-04-07,0.4640915592511495,0.21125509507126278
-1868060578,non-sawah,non-sawah,2026-04-12,0.5469371875127157,0.811856574482388
-1868060578,non-sawah,non-sawah,2026-04-17,0.6125779681735568,0.7473310563299391
-1868060578,non-sawah,non-sawah,2026-04-24,0.17412800093491873,0.7619999316003587
-1868060578,non-sawah,non-sawah,2026-05-02,0.5664342641830444,0.8001895414458381
-1868060578,non-sawah,non-sawah,2026-05-07,0.6200845506456163,0.813936796453264
-1868060578,non-sawah,non-sawah,2026-05-12,0.5969538026385837,0.7663061618804932
-1868060578,non-sawah,non-sawah,2026-05-14,0.5829640030860901,0.7659012145466275
-1868060578,non-sawah,non-sawah,2026-05-17,0.7001811729537116,0.8143063452508714
-1868060578,non-sawah,non-sawah,2026-05-27,0.6269494824939303,0.7279151214493645
-1752505705,non-sawah,non-sawah,2026-03-08,0.6452123644899149,0.05415964126586914
-1752505705,non-sawah,non-sawah,2026-03-13,0.23395378710549386,0.4382513357234783
-1752505705,non-sawah,non-sawah,2026-03-15,0.24944938548275683,0.4119730134967898
-1752505705,non-sawah,non-sawah,2026-03-23,0.21298832989862707,0.4072744760845528
-1752505705,non-sawah,non-sawah,2026-03-28,0.2668456811396802,0.43682024982131895
-1752505705,non-sawah,non-sawah,2026-04-04,0.32159135038735437,0.36539184949437126
-1752505705,non-sawah,non-sawah,2026-04-07,0.2531662573579882,0.46219095832011736
-1752505705,non-sawah,non-sawah,2026-04-12,0.21459536663577206,0.4713515358381584
-1752505705,non-sawah,non-sawah,2026-04-17,0.2772403200630282,0.44716865947989165
-1752505705,non-sawah,non-sawah,2026-04-24,0.2867697882847708,0.3086530910652192
-1752505705,non-sawah,non-sawah,2026-05-02,0.21199606920852035,0.4208067594493022
-1752505705,non-sawah,non-sawah,2026-05-07,0.23131224500839828,0.45290893462837717
-1752505705,non-sawah,non-sawah,2026-05-12,0.22408289230260692,0.4098542000426621
-1752505705,non-sawah,non-sawah,2026-05-14,0.21904988843398016,0.42180943366934043
-1752505705,non-sawah,non-sawah,2026-05-17,0.2495919628465762,0.44459533251699856
-1752505705,non-sawah,non-sawah,2026-05-27,0.2337404989072534,0.4255575178588023
-1748148286,non-sawah,non-sawah,2026-03-08,0.5330192597375976,0.12043785092731317
-1748148286,non-sawah,non-sawah,2026-03-13,0.5870662204093403,0.7596576765179635
-1748148286,non-sawah,non-sawah,2026-03-15,0.5777410953409142,0.6945855407251252
-1748148286,non-sawah,non-sawah,2026-03-23,0.5593693912029266,0.7548804102672471
-1748148286,non-sawah,non-sawah,2026-03-28,0.530639151752823,0.334033683858191
-1748148286,non-sawah,non-sawah,2026-04-04,0.5239704195823934,0.20954683439599142
-1748148286,non-sawah,non-sawah,2026-04-07,0.4172648799916108,0.5049788617425495
-1748148286,non-sawah,non-sawah,2026-04-12,0.2822028941164414,0.8966888169447581
-1748148286,non-sawah,non-sawah,2026-04-17,0.6321084535784192,0.7655981596973207
-1748148286,non-sawah,non-sawah,2026-04-24,0.195676286601358,0.7729874024788539
-1748148286,non-sawah,non-sawah,2026-05-02,0.531461062365108,0.8191036658154593
-1748148286,non-sawah,non-sawah,2026-05-07,0.6186311292979453,0.8230683227380117
-1748148286,non-sawah,non-sawah,2026-05-12,0.5982246817813979,0.7716402805513806
-1748148286,non-sawah,non-sawah,2026-05-14,0.5692003682255745,0.7686053925090366
-1748148286,non-sawah,non-sawah,2026-05-17,0.7039330050349235,0.8154516955216725
-1748148286,non-sawah,non-sawah,2026-05-27,0.6169934625426928,0.7556682588325606
-1729487958,non-sawah,non-sawah,2026-03-08,0.08627857074843369,0.011068514770949665
-1729487958,non-sawah,non-sawah,2026-03-13,0.09683357476108316,0.23901361038071522
-1729487958,non-sawah,non-sawah,2026-03-15,0.12563966384724432,0.19301427447277567
-1729487958,non-sawah,non-sawah,2026-03-23,0.16555324391178464,0.24417399612349877
-1729487958,non-sawah,non-sawah,2026-03-28,0.17208710477511951,0.23325501879056296
-1729487958,non-sawah,non-sawah,2026-04-04,0.20583096546107443,0.2489357151199078
-1729487958,non-sawah,non-sawah,2026-04-07,0.17475221046934958,0.25001529366641806
-1729487958,non-sawah,non-sawah,2026-04-12,0.14239853582736375,0.23906214033132014
-1729487958,non-sawah,non-sawah,2026-04-17,0.18993132664025694,0.24142632914194162
-1729487958,non-sawah,non-sawah,2026-04-24,0.20559419356826422,0.16049639535123023
-1729487958,non-sawah,non-sawah,2026-05-02,0.12362440084309681,0.20722176923848473
-1729487958,non-sawah,non-sawah,2026-05-07,0.16394797923124355,0.2638170184108658
-1729487958,non-sawah,non-sawah,2026-05-12,0.15861541432315024,0.24402788686363594
-1729487958,non-sawah,non-sawah,2026-05-14,0.1558963850248551,0.2536721010894879
-1729487958,non-sawah,non-sawah,2026-05-17,0.04871164096360756,0.21499624933399583
-1729487958,non-sawah,non-sawah,2026-05-27,0.19228394442926283,0.2762789572386638
-1683400580,sawah,Rojolele Srinuk,2026-03-08,0.3845764715620812,0.1178272138250635
-1683400580,sawah,Rojolele Srinuk,2026-03-13,0.27116617306749874,0.45660374266036013
-1683400580,sawah,Rojolele Srinuk,2026-03-15,0.10809487469018773,0.31315315467246035
-1683400580,sawah,Rojolele Srinuk,2026-03-23,0.27284493186372394,0.47797552733979326
-1683400580,sawah,Rojolele Srinuk,2026-03-28,0.19669151797573617,0.37852068340524714
-1683400580,sawah,Rojolele Srinuk,2026-04-04,0.5061998240491177,0.2559313374630948
-1683400580,sawah,Rojolele Srinuk,2026-04-07,0.33913757731305794,0.557295063074599
-1683400580,sawah,Rojolele Srinuk,2026-04-12,0.2995580826350983,0.5523422084590222
-1683400580,sawah,Rojolele Srinuk,2026-04-17,0.3558158928409536,0.5181867156891112
-1683400580,sawah,Rojolele Srinuk,2026-04-24,0.31160623722888053,0.5190833895764453
-1683400580,sawah,Rojolele Srinuk,2026-05-02,0.18435748476297298,0.48353467501224356
-1683400580,sawah,Rojolele Srinuk,2026-05-07,0.3233323810582465,0.5427245148952972
-1683400580,sawah,Rojolele Srinuk,2026-05-12,0.31151078292664064,0.4868908752786352
-1683400580,sawah,Rojolele Srinuk,2026-05-14,0.2920881896576983,0.48186280689340955
-1683400580,sawah,Rojolele Srinuk,2026-05-17,0.27415320530850834,0.2856523824974577
-1683400580,sawah,Rojolele Srinuk,2026-05-27,0.2817980241268239,0.4504803666409026
-1594605590,non-sawah,non-sawah,2026-03-08,0.27384805525171346,0.0522745540044431
-1594605590,non-sawah,non-sawah,2026-03-13,0.09152991356777734,0.30647157813454495
-1594605590,non-sawah,non-sawah,2026-03-15,0.21840848902176166,0.29643713901269025
-1594605590,non-sawah,non-sawah,2026-03-23,0.18348121803639264,0.3441697908886548
-1594605590,non-sawah,non-sawah,2026-03-28,0.2241625421006104,0.3295237031476251
-1594605590,non-sawah,non-sawah,2026-04-04,0.14267067906671557,0.21629567071795464
-1594605590,non-sawah,non-sawah,2026-04-07,0.2004181750375649,0.35029136235344
-1594605590,non-sawah,non-sawah,2026-04-12,0.16959259826047668,0.37308385993899973
-1594605590,non-sawah,non-sawah,2026-04-17,0.21735659691280332,0.35104226153986207
-1594605590,non-sawah,non-sawah,2026-04-24,0.18834649540227036,0.23089650196248088
-1594605590,non-sawah,non-sawah,2026-05-02,0.23675083792928991,0.21445643156766891
-1594605590,non-sawah,non-sawah,2026-05-07,0.19776188158269586,0.3804405015604249
-1594605590,non-sawah,non-sawah,2026-05-12,0.18740971373586818,0.35300584060364754
-1594605590,non-sawah,non-sawah,2026-05-14,0.1806897234557004,0.35896455509395436
-1594605590,non-sawah,non-sawah,2026-05-17,0.04341893750323175,0.35263046449660485
-1594605590,non-sawah,non-sawah,2026-05-27,0.11167301202257132,0.3502915696851138
-1517602594,sawah,Rojolele Srinuk,2026-03-08,-0.2711301913471235,0.03806618947226739
-1517602594,sawah,Rojolele Srinuk,2026-03-13,0.31561452270868945,0.327805925927618
-1517602594,sawah,Rojolele Srinuk,2026-03-15,0.5244785219102222,0.6572135015226462
-1517602594,sawah,Rojolele Srinuk,2026-03-23,0.5222009652129868,0.750150337267448
-1517602594,sawah,Rojolele Srinuk,2026-03-28,0.5888769649626577,0.7991310327368624
-1517602594,sawah,Rojolele Srinuk,2026-04-04,0.5539935275035746,0.39869302456431527
-1517602594,sawah,Rojolele Srinuk,2026-04-07,0.5637300383737859,0.7100341466858107
-1517602594,sawah,Rojolele Srinuk,2026-04-12,0.49607471639619155,0.7989307585008004
-1517602594,sawah,Rojolele Srinuk,2026-04-17,0.07991066162631956,0.031939564589212
-1517602594,sawah,Rojolele Srinuk,2026-04-24,0.4605131559073925,0.5462180613814032
-1517602594,sawah,Rojolele Srinuk,2026-05-02,0.38891687441398115,0.5203123631722787
-1517602594,sawah,Rojolele Srinuk,2026-05-07,0.27075756746618185,0.4617801157428938
-1517602594,sawah,Rojolele Srinuk,2026-05-12,0.11371691267499152,0.30623926474329305
-1517602594,sawah,Rojolele Srinuk,2026-05-14,0.2490387850386255,0.4116699524662074
-1517602594,sawah,Rojolele Srinuk,2026-05-17,0.28165589700288635,0.3960234838373521
-1517602594,sawah,Rojolele Srinuk,2026-05-27,0.39293879599255677,0.15903888182605014
-1455073582,sawah,Rojolele Srinuk,2026-03-08,-0.33398454161039715,0.024311125064710285
-1455073582,sawah,Rojolele Srinuk,2026-03-13,0.24231259174773406,0.3170062247021445
-1455073582,sawah,Rojolele Srinuk,2026-03-15,0.37868712697948875,0.5003709204751869
-1455073582,sawah,Rojolele Srinuk,2026-03-23,0.3919866994858302,0.5808826712570314
-1455073582,sawah,Rojolele Srinuk,2026-03-28,0.4735563762229064,0.695403937764209
-1455073582,sawah,Rojolele Srinuk,2026-04-04,0.47801643153973694,0.3382505206712361
-1455073582,sawah,Rojolele Srinuk,2026-04-07,0.5274998594460816,0.664910102712697
-1455073582,sawah,Rojolele Srinuk,2026-04-12,0.4650460795724186,0.7721197037347431
-1455073582,sawah,Rojolele Srinuk,2026-04-17,0.4203411305387472,0.2645933714179435
-1455073582,sawah,Rojolele Srinuk,2026-04-24,0.4651317325388563,0.5063769236720842
-1455073582,sawah,Rojolele Srinuk,2026-05-02,0.4339986338826089,0.6087599724274257
-1455073582,sawah,Rojolele Srinuk,2026-05-07,0.3808640319982479,0.6053574685135792
-1455073582,sawah,Rojolele Srinuk,2026-05-12,0.15099371870144687,0.32538379712736815
-1455073582,sawah,Rojolele Srinuk,2026-05-14,0.34385732124591695,0.5621733531869691
-1455073582,sawah,Rojolele Srinuk,2026-05-17,0.42658740744508544,0.5955323819713346
-1455073582,sawah,Rojolele Srinuk,2026-05-27,0.34164157079468516,0.2647967147319738
-1437082110,non-sawah,non-sawah,2026-03-08,0.23665404183357353,0.12247005999652726
-1437082110,non-sawah,non-sawah,2026-03-13,0.12416980234962521,0.3573593587586374
-1437082110,non-sawah,non-sawah,2026-03-15,0.3395444111089514,0.1758828809475432
-1437082110,non-sawah,non-sawah,2026-03-23,0.14843130284788633,0.3183978603343771
-1437082110,non-sawah,non-sawah,2026-03-28,0.41362717371396346,0.18206090120730375
-1437082110,non-sawah,non-sawah,2026-04-04,0.17954774486898173,0.2042408072286182
-1437082110,non-sawah,non-sawah,2026-04-07,0.19292667267298458,0.3569631537403723
-1437082110,non-sawah,non-sawah,2026-04-12,0.17611343029773596,0.4212458783929998
-1437082110,non-sawah,non-sawah,2026-04-17,0.23469481128032763,0.4057811882459756
-1437082110,non-sawah,non-sawah,2026-04-24,0.2981390801042017,0.3181359363023681
-1437082110,non-sawah,non-sawah,2026-05-02,0.3595693778209012,0.2848427501892803
-1437082110,non-sawah,non-sawah,2026-05-07,0.4791550636291504,0.7641934060087108
-1437082110,non-sawah,non-sawah,2026-05-12,0.505158299599031,0.757699518191694
-1437082110,non-sawah,non-sawah,2026-05-14,0.5005023059519854,0.7765625606883656
-1437082110,non-sawah,non-sawah,2026-05-17,0.1483719331033603,0.8025163439187136
-1437082110,non-sawah,non-sawah,2026-05-27,0.5854661107966395,0.7437081412233487
-1391673740,sawah,Inpari 32,2026-03-08,0.7106356260677179,0.027815204036111634
-1391673740,sawah,Inpari 32,2026-03-13,0.2378071090206504,0.38712176991005737
-1391673740,sawah,Inpari 32,2026-03-15,0.34776469071706134,0.45545454944173497
-1391673740,sawah,Inpari 32,2026-03-23,0.3793780030682683,0.38584880251437426
-1391673740,sawah,Inpari 32,2026-03-28,0.3300330514709155,0.48455745664735633
-1391673740,sawah,Inpari 32,2026-04-04,0.3656410959859689,0.36223895847797394
-1391673740,sawah,Inpari 32,2026-04-07,0.2928951025630037,0.48191530847301084
-1391673740,sawah,Inpari 32,2026-04-12,0.24676727751890817,0.49560967025657493
-1391673740,sawah,Inpari 32,2026-04-17,0.21512262391236922,0.2730568021846314
-1391673740,sawah,Inpari 32,2026-04-24,0.21184147087236246,0.3472470153744022
-1391673740,sawah,Inpari 32,2026-05-02,0.18893226298193136,0.32186522738387185
-1391673740,sawah,Inpari 32,2026-05-07,0.17325077904388309,0.33977748670925695
-1391673740,sawah,Inpari 32,2026-05-12,0.09961412722865741,0.31217645946890116
-1391673740,sawah,Inpari 32,2026-05-14,0.20738722399498025,0.3882555461799105
-1391673740,sawah,Inpari 32,2026-05-17,0.46454810568441945,0.3924302663654089
-1391673740,sawah,Inpari 32,2026-05-27,0.3947362182661891,0.5677046403288841
-1287378370,sawah,Rojolele Srinuk,2026-03-08,-0.2334573696119876,0.025904091570196273
-1287378370,sawah,Rojolele Srinuk,2026-03-13,0.2780214350057554,0.3764315502175802
-1287378370,sawah,Rojolele Srinuk,2026-03-15,0.47102492783643024,0.5131878826437117
-1287378370,sawah,Rojolele Srinuk,2026-03-23,0.4314992781492728,0.6185391383080543
-1287378370,sawah,Rojolele Srinuk,2026-03-28,0.4868908404738088,0.7148507622223866
-1287378370,sawah,Rojolele Srinuk,2026-04-04,0.4439121284816839,0.36111407321465167
-1287378370,sawah,Rojolele Srinuk,2026-04-07,0.4351144685775419,0.6393408309432524
-1287378370,sawah,Rojolele Srinuk,2026-04-12,0.36359465829556503,0.6560095512791525
-1287378370,sawah,Rojolele Srinuk,2026-04-17,0.5295106215001661,0.16338582058684736
-1287378370,sawah,Rojolele Srinuk,2026-04-24,0.33542059729748136,0.24636634797612322
-1287378370,sawah,Rojolele Srinuk,2026-05-02,0.20958629076050805,0.35049902261057986
-1287378370,sawah,Rojolele Srinuk,2026-05-07,0.20297408259556263,0.37932975109242184
-1287378370,sawah,Rojolele Srinuk,2026-05-12,0.05282077226269094,0.21365383295695992
-1287378370,sawah,Rojolele Srinuk,2026-05-14,0.16087335593338253,0.30361841930241523
-1287378370,sawah,Rojolele Srinuk,2026-05-17,0.1659681004813955,0.2852502711400201
-1287378370,sawah,Rojolele Srinuk,2026-05-27,0.3200492749485788,0.2504440294225005
-1224596369,non-sawah,non-sawah,2026-03-08,0.18986321248432825,0.026227398209451542
-1224596369,non-sawah,non-sawah,2026-03-13,0.1246544846387179,0.39021891658939023
-1224596369,non-sawah,non-sawah,2026-03-15,0.21086121362689605,0.26868135799000514
-1224596369,non-sawah,non-sawah,2026-03-23,0.22388684736100087,0.3805402364335589
-1224596369,non-sawah,non-sawah,2026-03-28,0.24662555534062958,0.37749945955561487
-1224596369,non-sawah,non-sawah,2026-04-04,0.24776041574442564,0.3287271213874634
-1224596369,non-sawah,non-sawah,2026-04-07,0.2402260143365433,0.38271678189860225
-1224596369,non-sawah,non-sawah,2026-04-12,0.21768861197864514,0.42860822132063797
-1224596369,non-sawah,non-sawah,2026-04-17,0.26229270960666984,0.3798623151267007
-1224596369,non-sawah,non-sawah,2026-04-24,0.1577219600672089,0.2795005110360539
-1224596369,non-sawah,non-sawah,2026-05-02,0.2088659377855513,0.35530319937399585
-1224596369,non-sawah,non-sawah,2026-05-07,0.2298093717619737,0.40919274084398083
-1224596369,non-sawah,non-sawah,2026-05-12,0.21685459863926684,0.3743966316291963
-1224596369,non-sawah,non-sawah,2026-05-14,0.21154068296810966,0.3877761497376745
-1224596369,non-sawah,non-sawah,2026-05-17,0.05415726601141694,0.35192494421153825
-1224596369,non-sawah,non-sawah,2026-05-27,0.22742698976692102,0.3946433091641782
-1187843197,sawah,Inpari 32,2026-03-08,0.4148789048194885,0.1497295230500779
-1187843197,sawah,Inpari 32,2026-03-13,0.4212376170996892,0.5678494714074216
-1187843197,sawah,Inpari 32,2026-03-15,0.24119274015143766,0.4765735439072221
-1187843197,sawah,Inpari 32,2026-03-23,0.3657116178991431,0.5306765403661687
-1187843197,sawah,Inpari 32,2026-03-28,0.1713681721752036,0.13484008751722779
-1187843197,sawah,Inpari 32,2026-04-04,0.5255785119735589,0.29385914552514836
-1187843197,sawah,Inpari 32,2026-04-07,0.4001274650632325,0.5009338891102095
-1187843197,sawah,Inpari 32,2026-04-12,0.36392260216555355,0.5945838148374174
-1187843197,sawah,Inpari 32,2026-04-17,0.27118999220557133,0.380818511659311
-1187843197,sawah,Inpari 32,2026-04-24,0.24230828927040604,0.41097757228160814
-1187843197,sawah,Inpari 32,2026-05-02,0.2946710270845284,0.2351389916266425
-1187843197,sawah,Inpari 32,2026-05-07,0.2789240851998329,0.47623911973530964
-1187843197,sawah,Inpari 32,2026-05-12,0.3356727595298977,0.5199503436432047
-1187843197,sawah,Inpari 32,2026-05-14,0.3370055974918907,0.5500692598900553
-1187843197,sawah,Inpari 32,2026-05-17,0.42994217814530356,0.6157051475750188
-1187843197,sawah,Inpari 32,2026-05-27,0.5091559456314071,0.6848198881341239
-1037565250,sawah,Inpari 32,2026-03-08,0.36631330847740173,0.14476338028907776
-1037565250,sawah,Inpari 32,2026-03-13,0.17877422273159027,0.321475625038147
-1037565250,sawah,Inpari 32,2026-03-15,0.0883612111210823,0.2352551370859146
-1037565250,sawah,Inpari 32,2026-03-23,0.1732860654592514,0.3229398727416992
-1037565250,sawah,Inpari 32,2026-03-28,0.1884497106075287,0.2422543466091156
-1037565250,sawah,Inpari 32,2026-04-04,0.8472175002098083,0.2875553071498871
-1037565250,sawah,Inpari 32,2026-04-07,0.3288387954235077,0.38825494050979614
-1037565250,sawah,Inpari 32,2026-04-12,0.08725295215845108,0.21629779040813446
-1037565250,sawah,Inpari 32,2026-04-17,0.12600712478160858,0.24633699655532837
-1037565250,sawah,Inpari 32,2026-04-24,0.0810740664601326,0.1892983317375183
-1037565250,sawah,Inpari 32,2026-05-02,0.4197734296321869,0.20692701637744904
-1037565250,sawah,Inpari 32,2026-05-07,0.12065466493368149,0.28804633021354675
-1037565250,sawah,Inpari 32,2026-05-12,0.1559440940618515,0.30323150753974915
-1037565250,sawah,Inpari 32,2026-05-14,0.1814393550157547,0.37254902720451355
-1037565250,sawah,Inpari 32,2026-05-17,0.24455635249614716,0.47019273042678833
-1037565250,sawah,Inpari 32,2026-05-27,0.46241888403892517,0.713222861289978
-971620096,sawah,Rojolele Srinuk,2026-03-08,0.5655835530450267,0.0736751897681144
-971620096,sawah,Rojolele Srinuk,2026-03-13,0.324863594866568,0.8780683778947399
-971620096,sawah,Rojolele Srinuk,2026-03-15,0.520594788655158,0.6562218877577013
-971620096,sawah,Rojolele Srinuk,2026-03-23,0.5665338443171594,0.7872761737915778
-971620096,sawah,Rojolele Srinuk,2026-03-28,0.662478220078253,0.7515239407939296
-971620096,sawah,Rojolele Srinuk,2026-04-04,0.5611135152078444,0.25784856513623267
-971620096,sawah,Rojolele Srinuk,2026-04-07,0.5774854690797867,0.7996645935120121
-971620096,sawah,Rojolele Srinuk,2026-04-12,0.39634365179846365,0.6032985910292594
-971620096,sawah,Rojolele Srinuk,2026-04-17,0.3890424721663998,0.6886789798736572
-971620096,sawah,Rojolele Srinuk,2026-04-24,0.5109457671642303,0.7331395245367481
-971620096,sawah,Rojolele Srinuk,2026-05-02,0.4903351385747233,0.6987116625232082
-971620096,sawah,Rojolele Srinuk,2026-05-07,0.429515540599823,0.6626657055270287
-971620096,sawah,Rojolele Srinuk,2026-05-12,0.30478790378378284,0.10276553335209046
-971620096,sawah,Rojolele Srinuk,2026-05-14,0.32423583682506313,0.5291907075912722
-971620096,sawah,Rojolele Srinuk,2026-05-17,0.3720446522197416,0.5573084758174035
-971620096,sawah,Rojolele Srinuk,2026-05-27,0.2918189848142286,0.5176636716050487
-914967437,sawah,Rojolele Srinuk,2026-03-08,-0.44078558683395386,0.024896596558392048
-914967437,sawah,Rojolele Srinuk,2026-03-13,0.2918018201986949,0.35648734370867413
-914967437,sawah,Rojolele Srinuk,2026-03-15,0.27747104068597156,0.4356322983900706
-914967437,sawah,Rojolele Srinuk,2026-03-23,0.32312995195388794,0.5837768912315369
-914967437,sawah,Rojolele Srinuk,2026-03-28,0.37632516026496887,0.6822366317113241
-914967437,sawah,Rojolele Srinuk,2026-04-04,0.5086220800876617,0.3803919851779938
-914967437,sawah,Rojolele Srinuk,2026-04-07,0.4884589612483978,0.6690424879391988
-914967437,sawah,Rojolele Srinuk,2026-04-12,0.4654206732908885,0.8388786514600118
-914967437,sawah,Rojolele Srinuk,2026-04-17,0.2774541030327479,0.10775978366533916
-914967437,sawah,Rojolele Srinuk,2026-04-24,0.4954176644484202,0.6744771599769592
-914967437,sawah,Rojolele Srinuk,2026-05-02,0.4810592532157898,0.6518951058387756
-914967437,sawah,Rojolele Srinuk,2026-05-07,0.4180185596148173,0.6791899998982748
-914967437,sawah,Rojolele Srinuk,2026-05-12,0.15641678869724274,0.4431558350721995
-914967437,sawah,Rojolele Srinuk,2026-05-14,0.3825777570406596,0.6130160093307495
-914967437,sawah,Rojolele Srinuk,2026-05-17,0.4716346859931946,0.6488085985183716
-914967437,sawah,Rojolele Srinuk,2026-05-27,0.297324871023496,0.25877787669499713
-878684144,sawah,Inpari 32,2026-03-08,0.49106086960025863,0.1479962660401475
-878684144,sawah,Inpari 32,2026-03-13,0.3154660799339706,0.5167876412471135
-878684144,sawah,Inpari 32,2026-03-15,0.2967411999024597,0.46811920316780314
-878684144,sawah,Inpari 32,2026-03-23,0.31792219818807116,0.5398098686162163
-878684144,sawah,Inpari 32,2026-03-28,0.3867156745537239,0.2167792866602266
-878684144,sawah,Inpari 32,2026-04-04,0.47323129919229767,0.2554691856398302
-878684144,sawah,Inpari 32,2026-04-07,0.3982389046865351,0.5363416049994675
-878684144,sawah,Inpari 32,2026-04-12,0.3304979806437212,0.6035693402091662
-878684144,sawah,Inpari 32,2026-04-17,0.39361854531601365,0.5495405728326125
-878684144,sawah,Inpari 32,2026-04-24,0.36902825975534964,0.5642477097464543
-878684144,sawah,Inpari 32,2026-05-02,0.36533670682533115,0.40702493716688715
-878684144,sawah,Inpari 32,2026-05-07,0.33718411866940706,0.557888597074677
-878684144,sawah,Inpari 32,2026-05-12,0.31754107188944725,0.4946572140151379
-878684144,sawah,Inpari 32,2026-05-14,0.29794690807660423,0.5082105655296176
-878684144,sawah,Inpari 32,2026-05-17,0.3703634132941564,0.5698139334426207
-878684144,sawah,Inpari 32,2026-05-27,0.4048091909464668,0.5441652660276376
-564234390,non-sawah,non-sawah,2026-03-08,0.5975070514462211,0.06236017563126304
-564234390,non-sawah,non-sawah,2026-03-13,0.3227252987298099,0.5854158076373014
-564234390,non-sawah,non-sawah,2026-03-15,0.23789227923209016,0.46380607106468896
-564234390,non-sawah,non-sawah,2026-03-23,0.2957374947992238,0.5376273163340308
-564234390,non-sawah,non-sawah,2026-03-28,0.35660636695948517,0.5798371176828038
-564234390,non-sawah,non-sawah,2026-04-04,0.342299413274635,0.36475300653414294
-564234390,non-sawah,non-sawah,2026-04-07,0.3459871140393344,0.6170318573713303
-564234390,non-sawah,non-sawah,2026-04-12,0.3259137083183635,0.6541994999755513
-564234390,non-sawah,non-sawah,2026-04-17,0.37716620754111896,0.5709622705524618
-564234390,non-sawah,non-sawah,2026-04-24,0.2883620844645934,0.31530230763283645
-564234390,non-sawah,non-sawah,2026-05-02,0.31503985957665875,0.5879699818112634
-564234390,non-sawah,non-sawah,2026-05-07,0.32847984677011316,0.6023292473771356
-564234390,non-sawah,non-sawah,2026-05-12,0.3140405904163014,0.5435062497854233
-564234390,non-sawah,non-sawah,2026-05-14,0.30407133427533234,0.5503753952004693
-564234390,non-sawah,non-sawah,2026-05-17,0.36616886948997324,0.6123314838517796
-564234390,non-sawah,non-sawah,2026-05-27,0.33059698004614224,0.5530232069167224
-527398987,non-sawah,non-sawah,2026-03-08,0.11590213844707857,0.024367997898176934
-527398987,non-sawah,non-sawah,2026-03-13,0.08167121324610586,0.26160778229435283
-527398987,non-sawah,non-sawah,2026-03-15,0.16901826470469436,0.25261585880070925
-527398987,non-sawah,non-sawah,2026-03-23,0.1642328038966904,0.27682209480553865
-527398987,non-sawah,non-sawah,2026-03-28,0.17981238764089844,0.27363474216933054
-527398987,non-sawah,non-sawah,2026-04-04,0.21779405248040953,0.2800681395456195
-527398987,non-sawah,non-sawah,2026-04-07,0.18729684284577766,0.29420304981370765
-527398987,non-sawah,non-sawah,2026-04-12,0.15938466930917153,0.30258142404879135
-527398987,non-sawah,non-sawah,2026-04-17,0.21213139158984026,0.29513221979141235
-527398987,non-sawah,non-sawah,2026-04-24,0.07320704477994393,0.26116663264110684
-527398987,non-sawah,non-sawah,2026-05-02,0.10867601012190183,0.26618086950232583
-527398987,non-sawah,non-sawah,2026-05-07,0.1681021130643785,0.3005221597850323
-527398987,non-sawah,non-sawah,2026-05-12,0.16161914286203682,0.2759629550079505
-527398987,non-sawah,non-sawah,2026-05-14,0.16170595275859037,0.292521880629162
-527398987,non-sawah,non-sawah,2026-05-17,0.037521812516691476,0.22532496321946383
-527398987,non-sawah,non-sawah,2026-05-27,0.16167179720165828,0.28602417713652056
-384627078,non-sawah,non-sawah,2026-03-08,0.0464617982506752,0.008024801267310977
-384627078,non-sawah,non-sawah,2026-03-13,0.09435893595218658,0.3122355490922928
-384627078,non-sawah,non-sawah,2026-03-15,0.17826001346111298,0.2711692899465561
-384627078,non-sawah,non-sawah,2026-03-23,0.16773323714733124,0.31027284264564514
-384627078,non-sawah,non-sawah,2026-03-28,0.21570946276187897,0.3473612368106842
-384627078,non-sawah,non-sawah,2026-04-04,0.2266777828335762,0.32365815341472626
-384627078,non-sawah,non-sawah,2026-04-07,0.189114548265934,0.32972629368305206
-384627078,non-sawah,non-sawah,2026-04-12,0.18179315328598022,0.3917130082845688
-384627078,non-sawah,non-sawah,2026-04-17,0.2214740514755249,0.31558801233768463
-384627078,non-sawah,non-sawah,2026-04-24,0.11391764879226685,0.34244538843631744
-384627078,non-sawah,non-sawah,2026-05-02,0.10930691286921501,0.31221845746040344
-384627078,non-sawah,non-sawah,2026-05-07,0.22574666887521744,0.4300517290830612
-384627078,non-sawah,non-sawah,2026-05-12,0.20888231694698334,0.3715830445289612
-384627078,non-sawah,non-sawah,2026-05-14,0.20075280964374542,0.38176554441452026
-384627078,non-sawah,non-sawah,2026-05-17,0.07908459007740021,0.33337998390197754
-384627078,non-sawah,non-sawah,2026-05-27,0.23076080530881882,0.4018422067165375
-318685281,sawah,Rojolele Srinuk,2026-03-08,-0.32791016932374745,0.03294320345329222
-318685281,sawah,Rojolele Srinuk,2026-03-13,0.2803345271205717,0.3318968939111214
-318685281,sawah,Rojolele Srinuk,2026-03-15,0.41654198169130685,0.49728337250823196
-318685281,sawah,Rojolele Srinuk,2026-03-23,0.3653702652731607,0.5295654476959576
-318685281,sawah,Rojolele Srinuk,2026-03-28,0.3846885296263436,0.5658114236570144
-318685281,sawah,Rojolele Srinuk,2026-04-04,0.3930476236250974,0.2952459033492
-318685281,sawah,Rojolele Srinuk,2026-04-07,0.36557999287926873,0.514476695437302
-318685281,sawah,Rojolele Srinuk,2026-04-12,0.2936736809364123,0.5168512451440789
-318685281,sawah,Rojolele Srinuk,2026-04-17,0.447959189064974,0.13364443551864505
-318685281,sawah,Rojolele Srinuk,2026-04-24,0.32978570149388425,0.24008665719004565
-318685281,sawah,Rojolele Srinuk,2026-05-02,0.19151388930315658,0.3069182377048703
-318685281,sawah,Rojolele Srinuk,2026-05-07,0.18038750078904536,0.34054627460102704
-318685281,sawah,Rojolele Srinuk,2026-05-12,0.05901364873112865,0.22052351353588953
-318685281,sawah,Rojolele Srinuk,2026-05-14,0.1689286846523137,0.3161389978472577
-318685281,sawah,Rojolele Srinuk,2026-05-17,0.192988418071538,0.33116816382768544
-318685281,sawah,Rojolele Srinuk,2026-05-27,0.38169918717571005,0.16480365050451237
-264943253,sawah,Inpari 32,2026-03-08,0.2934540542521218,0.03313028974126476
-264943253,sawah,Inpari 32,2026-03-13,0.23773844054965085,0.4176423126874968
-264943253,sawah,Inpari 32,2026-03-15,0.46028965365054997,0.5533659714598989
-264943253,sawah,Inpari 32,2026-03-23,0.36493339741876885,0.5793997141741967
-264943253,sawah,Inpari 32,2026-03-28,0.4153987732968589,0.5671389923077221
-264943253,sawah,Inpari 32,2026-04-04,0.39795453164928646,0.35925295556238457
-264943253,sawah,Inpari 32,2026-04-07,0.3194158618417821,0.49209871495416924
-264943253,sawah,Inpari 32,2026-04-12,0.2744351209596146,0.5195882567601611
-264943253,sawah,Inpari 32,2026-04-17,0.15568464383656203,0.19550099989124972
-264943253,sawah,Inpari 32,2026-04-24,0.2426719169399535,0.33573112850503406
-264943253,sawah,Inpari 32,2026-05-02,0.23459527803252833,0.38304777397203815
-264943253,sawah,Inpari 32,2026-05-07,0.15202569753624673,0.31851459046204883
-264943253,sawah,Inpari 32,2026-05-12,0.06158278121562429,0.25247248706891556
-264943253,sawah,Inpari 32,2026-05-14,0.1705626640902009,0.3564846192219461
-264943253,sawah,Inpari 32,2026-05-17,0.26839851466722264,0.3479138183039288
-264943253,sawah,Inpari 32,2026-05-27,0.2013018844548122,0.5230945917062981
-60076435,sawah,Rojolele Srinuk,2026-03-08,0.6574756628265832,0.2260779706170646
-60076435,sawah,Rojolele Srinuk,2026-03-13,0.43901662564859156,0.5558013947816883
-60076435,sawah,Rojolele Srinuk,2026-03-15,0.3896186655250991,0.529311404858784
-60076435,sawah,Rojolele Srinuk,2026-03-23,0.3784032423594376,0.5426313182361787
-60076435,sawah,Rojolele Srinuk,2026-03-28,0.42886528097910853,0.5203449891812009
-60076435,sawah,Rojolele Srinuk,2026-04-04,0.3856476876066952,0.2917085179105038
-60076435,sawah,Rojolele Srinuk,2026-04-07,0.3851367170218287,0.5477142090931898
-60076435,sawah,Rojolele Srinuk,2026-04-12,0.33502432903865487,0.5626486775851468
-60076435,sawah,Rojolele Srinuk,2026-04-17,0.4080592754592256,0.5461705551460022
-60076435,sawah,Rojolele Srinuk,2026-04-24,0.3000357113409469,0.48803757129680003
-60076435,sawah,Rojolele Srinuk,2026-05-02,0.25106795450740654,0.45682750812095657
-60076435,sawah,Rojolele Srinuk,2026-05-07,0.2890746202774164,0.4658364243010377
-60076435,sawah,Rojolele Srinuk,2026-05-12,0.28378527958468514,0.43459743660272715
-60076435,sawah,Rojolele Srinuk,2026-05-14,0.2643006312683588,0.4464741558824643
-60076435,sawah,Rojolele Srinuk,2026-05-17,0.40901952713909673,0.303686978976901
-60076435,sawah,Rojolele Srinuk,2026-05-27,0.29740603892246215,0.48757910557238887
50576977,non-sawah,non-sawah,2026-03-08,0.3161768006481148,0.044549319782964475
50576977,non-sawah,non-sawah,2026-03-13,0.07844823558101252,0.23849304964334023
50576977,non-sawah,non-sawah,2026-03-15,0.15087916144384603,0.21422551659785133
50576977,non-sawah,non-sawah,2026-03-23,0.15318410291768964,0.24660687903702316
50576977,non-sawah,non-sawah,2026-03-28,0.17705640914986256,0.23279069614213038
50576977,non-sawah,non-sawah,2026-04-04,0.1744261043426132,0.25326585155849013
50576977,non-sawah,non-sawah,2026-04-07,0.18189841916138028,0.25176645416303156
50576977,non-sawah,non-sawah,2026-04-12,0.14687202585839373,0.2710376807151922
50576977,non-sawah,non-sawah,2026-04-17,0.19271473531307257,0.2574874195430085
50576977,non-sawah,non-sawah,2026-04-24,0.0705754497604821,0.23398958863883515
50576977,non-sawah,non-sawah,2026-05-02,0.14483080298423892,0.2062543653819705
50576977,non-sawah,non-sawah,2026-05-07,0.15914407397084748,0.27742762444299585
50576977,non-sawah,non-sawah,2026-05-12,0.14883954317183498,0.24816371401327955
50576977,non-sawah,non-sawah,2026-05-14,0.14822668135359188,0.2605269246160444
50576977,non-sawah,non-sawah,2026-05-17,0.11811164812030454,0.24079257506428411
50576977,non-sawah,non-sawah,2026-05-27,0.16094808690877235,0.2585599620686603
58147839,non-sawah,non-sawah,2026-03-08,0.5251543933436984,0.01719666454231455
58147839,non-sawah,non-sawah,2026-03-13,0.16237203847794307,0.2541400023869106
58147839,non-sawah,non-sawah,2026-03-15,0.07827227713451498,0.1504920633243663
58147839,non-sawah,non-sawah,2026-03-23,0.11349953560247308,0.18861481689271473
58147839,non-sawah,non-sawah,2026-03-28,0.13324451517491115,0.17964606927264304
58147839,non-sawah,non-sawah,2026-04-04,0.17482336716992514,0.2293652281874702
58147839,non-sawah,non-sawah,2026-04-07,0.1520922670052165,0.23251859701815106
58147839,non-sawah,non-sawah,2026-04-12,0.2847691824038823,0.2652794321378072
58147839,non-sawah,non-sawah,2026-04-17,-0.014073971714380951,0.0016376801650039852
58147839,non-sawah,non-sawah,2026-04-24,0.0745044836685771,0.22020659950517474
58147839,non-sawah,non-sawah,2026-05-02,0.04694096061090628,0.14773842550459362
58147839,non-sawah,non-sawah,2026-05-07,0.12551332939238774,0.2132605559059552
58147839,non-sawah,non-sawah,2026-05-12,0.12595204831588835,0.20901384559415637
58147839,non-sawah,non-sawah,2026-05-14,0.1343515600476946,0.22433097731499446
58147839,non-sawah,non-sawah,2026-05-17,0.1194804392400242,0.18191300935688473
58147839,non-sawah,non-sawah,2026-05-27,0.13021633951436906,0.20427718332835607
80327881,non-sawah,non-sawah,2026-03-08,0.3448852319601804,0.042683063234033536
80327881,non-sawah,non-sawah,2026-03-13,0.051870595634785674,0.15983667354649628
80327881,non-sawah,non-sawah,2026-03-15,0.13396664908374545,0.16874697166113878
80327881,non-sawah,non-sawah,2026-03-23,0.10791558728576554,0.16974380139420572
80327881,non-sawah,non-sawah,2026-03-28,0.11462812855412183,0.1482427406789291
80327881,non-sawah,non-sawah,2026-04-04,0.15853013651067677,0.20796824222781904
80327881,non-sawah,non-sawah,2026-04-07,0.12111667467420424,0.1851178416087428
80327881,non-sawah,non-sawah,2026-04-12,0.08518996447560069,0.15778127415486848
80327881,non-sawah,non-sawah,2026-04-17,0.1320281650098803,0.18689681026169838
80327881,non-sawah,non-sawah,2026-04-24,0.029675992056698408,0.12563664577151498
80327881,non-sawah,non-sawah,2026-05-02,0.11829566902537363,0.1429384748295639
80327881,non-sawah,non-sawah,2026-05-07,0.10755853079656284,0.18233231628695634
80327881,non-sawah,non-sawah,2026-05-12,0.10420490398935085,0.17088190789787708
80327881,non-sawah,non-sawah,2026-05-14,0.11046890134333212,0.18929231256657542
80327881,non-sawah,non-sawah,2026-05-17,0.07916524710626262,0.15906904368442598
80327881,non-sawah,non-sawah,2026-05-27,0.11326672796663759,0.1783479353068297
160353522,non-sawah,non-sawah,2026-03-08,0.35609003979908793,0.10753320745731655
160353522,non-sawah,non-sawah,2026-03-13,0.27468795682254593,0.45456247894387497
160353522,non-sawah,non-sawah,2026-03-15,0.28741127095724406,0.4415421517271745
160353522,non-sawah,non-sawah,2026-03-23,0.25091658375765147,0.43465277238896016
160353522,non-sawah,non-sawah,2026-03-28,0.5097245405379095,0.3030972676841836
160353522,non-sawah,non-sawah,2026-04-04,0.5171437467399397,0.20294056519081718
160353522,non-sawah,non-sawah,2026-04-07,0.2706030685650675,0.48454474147997406
160353522,non-sawah,non-sawah,2026-04-12,0.21431981811397954,0.46679805454454926
160353522,non-sawah,non-sawah,2026-04-17,0.2941304508008455,0.45363022151746246
160353522,non-sawah,non-sawah,2026-04-24,0.2421137047441382,0.4464051205860941
160353522,non-sawah,non-sawah,2026-05-02,0.2111917679247103,0.43105515523960714
160353522,non-sawah,non-sawah,2026-05-07,0.24584669110022092,0.4665424713962956
160353522,non-sawah,non-sawah,2026-05-12,0.23946349009087212,0.40672405613096135
160353522,non-sawah,non-sawah,2026-05-14,0.23485891834685677,0.4145749148569609
160353522,non-sawah,non-sawah,2026-05-17,0.27674731612205505,0.4342291213964161
160353522,non-sawah,non-sawah,2026-05-27,0.22025138061297567,0.42352958572538274
337423992,sawah,Rojolele Srinuk,2026-03-08,0.41508001850710974,0.1316410134236018
337423992,sawah,Rojolele Srinuk,2026-03-13,0.3537492379877302,0.5414063759479257
337423992,sawah,Rojolele Srinuk,2026-03-15,0.22938061947209967,0.44562463795973195
337423992,sawah,Rojolele Srinuk,2026-03-23,0.3405827431711886,0.5548522595233387
337423992,sawah,Rojolele Srinuk,2026-03-28,0.23802981487164895,0.4558719446758429
337423992,sawah,Rojolele Srinuk,2026-04-04,0.5016360441181394,0.26374779779050084
337423992,sawah,Rojolele Srinuk,2026-04-07,0.3719306605723169,0.6005482969019148
337423992,sawah,Rojolele Srinuk,2026-04-12,0.34618093041910064,0.6159090193774965
337423992,sawah,Rojolele Srinuk,2026-04-17,0.4054368958208296,0.5664978306161033
337423992,sawah,Rojolele Srinuk,2026-04-24,0.3522683627903461,0.5714093297057682
337423992,sawah,Rojolele Srinuk,2026-05-02,0.10979975640359851,0.5222010644939211
337423992,sawah,Rojolele Srinuk,2026-05-07,0.3411210964785682,0.5687525474362903
337423992,sawah,Rojolele Srinuk,2026-05-12,0.3229979852007495,0.5142646392186483
337423992,sawah,Rojolele Srinuk,2026-05-14,0.29653085509936017,0.49863266714745097
337423992,sawah,Rojolele Srinuk,2026-05-17,0.34039120000321416,0.40144251067863984
337423992,sawah,Rojolele Srinuk,2026-05-27,0.3189965327094412,0.5075452504814085
516647785,non-sawah,non-sawah,2026-03-08,0.1762760208493614,0.08863339776747879
516647785,non-sawah,non-sawah,2026-03-13,0.08906356197722415,0.27677455045124316
516647785,non-sawah,non-sawah,2026-03-15,0.003215103529076627,0.09054868150145766
516647785,non-sawah,non-sawah,2026-03-23,0.16406583927690666,0.28107492072864415
516647785,non-sawah,non-sawah,2026-03-28,0.264567577379181,0.23348973311008292
516647785,non-sawah,non-sawah,2026-04-04,0.10005284429706157,0.17826974661426342
516647785,non-sawah,non-sawah,2026-04-07,0.19181277452314155,0.30103279028008595
516647785,non-sawah,non-sawah,2026-04-12,0.15677065130303355,0.29926518339445773
516647785,non-sawah,non-sawah,2026-04-17,0.1758991659995406,0.2879953839756707
516647785,non-sawah,non-sawah,2026-04-24,0.2517344835907855,0.19108927519397534
516647785,non-sawah,non-sawah,2026-05-02,0.2769064911185427,0.15081710463508646
516647785,non-sawah,non-sawah,2026-05-07,0.19982923383012097,0.33789020412145776
516647785,non-sawah,non-sawah,2026-05-12,0.18679525734896354,0.31339656946031336
516647785,non-sawah,non-sawah,2026-05-14,0.18686350329997056,0.3248207129617321
516647785,non-sawah,non-sawah,2026-05-17,0.046791157489543427,0.2793506423328468
516647785,non-sawah,non-sawah,2026-05-27,0.186690628053026,0.31843025530589386
868255172,sawah,Rojolele Srinuk,2026-03-08,0.20460852614620276,0.03674734135468801
868255172,sawah,Rojolele Srinuk,2026-03-13,0.27144467386237364,0.278911060408542
868255172,sawah,Rojolele Srinuk,2026-03-15,0.31723292564090927,0.42691122805863096
868255172,sawah,Rojolele Srinuk,2026-03-23,0.32079840124699105,0.5428464072838164
868255172,sawah,Rojolele Srinuk,2026-03-28,0.3956159870875509,0.641666291052835
868255172,sawah,Rojolele Srinuk,2026-04-04,0.4248520711012054,0.2150547310971377
868255172,sawah,Rojolele Srinuk,2026-04-07,0.4873079218362507,0.6484428137017969
868255172,sawah,Rojolele Srinuk,2026-04-12,0.4043853146988049,0.718792283221295
868255172,sawah,Rojolele Srinuk,2026-04-17,0.09028316380684837,0.04844123356681513
868255172,sawah,Rojolele Srinuk,2026-04-24,0.3989887010110052,0.4203050944365953
868255172,sawah,Rojolele Srinuk,2026-05-02,0.4022090978789748,0.5987116270943692
868255172,sawah,Rojolele Srinuk,2026-05-07,0.36141854642253174,0.6258047926321364
868255172,sawah,Rojolele Srinuk,2026-05-12,0.1611013800036489,0.45343434862923204
868255172,sawah,Rojolele Srinuk,2026-05-14,0.3206923570026431,0.5602128024686847
868255172,sawah,Rojolele Srinuk,2026-05-17,0.41308959272869844,0.6076004008452097
868255172,sawah,Rojolele Srinuk,2026-05-27,0.37881925492955926,0.21760356583093343
949560954,non-sawah,non-sawah,2026-03-08,0.5513629712737523,0.12146031512663914
949560954,non-sawah,non-sawah,2026-03-13,0.6406669908991227,0.8849318342713209
949560954,non-sawah,non-sawah,2026-03-15,0.6634243187996057,0.7953354733494612
949560954,non-sawah,non-sawah,2026-03-23,0.6193032132891508,0.8457358462306169
949560954,non-sawah,non-sawah,2026-03-28,0.5620042231793587,0.46135791992911923
949560954,non-sawah,non-sawah,2026-04-04,0.6283555334577193,0.5850584578628724
949560954,non-sawah,non-sawah,2026-04-07,0.6523033116872494,0.8274534356135589
949560954,non-sawah,non-sawah,2026-04-12,0.607698165739958,0.8979448011288276
949560954,non-sawah,non-sawah,2026-04-17,0.7167406285611483,0.7199502633168147
949560954,non-sawah,non-sawah,2026-04-24,0.45560837279145533,0.6923640791613322
949560954,non-sawah,non-sawah,2026-05-02,0.5962598954255764,0.8558814479754522
949560954,non-sawah,non-sawah,2026-05-07,0.615936335749351,0.8554632394359662
949560954,non-sawah,non-sawah,2026-05-12,0.6055224076486551,0.7975240475856341
949560954,non-sawah,non-sawah,2026-05-14,0.5630096566791718,0.8007010164169165
949560954,non-sawah,non-sawah,2026-05-17,0.7058035453351644,0.8524665081730256
949560954,non-sawah,non-sawah,2026-05-27,0.6447609705993762,0.8302526393762002
1011436542,sawah,Rojolele Srinuk,2026-03-08,0.349342866632782,0.025429117340655602
1011436542,sawah,Rojolele Srinuk,2026-03-13,0.24418433963275346,0.3859856548856516
1011436542,sawah,Rojolele Srinuk,2026-03-15,0.2901987707028624,0.3776488279710051
1011436542,sawah,Rojolele Srinuk,2026-03-23,0.44215296416497624,0.31768728939236185
1011436542,sawah,Rojolele Srinuk,2026-03-28,0.2661103361942729,0.3940815632460547
1011436542,sawah,Rojolele Srinuk,2026-04-04,0.30553148320463835,0.329835554615396
1011436542,sawah,Rojolele Srinuk,2026-04-07,0.2784192882111815,0.45326920220109285
1011436542,sawah,Rojolele Srinuk,2026-04-12,0.2452934111972324,0.46221814585513754
1011436542,sawah,Rojolele Srinuk,2026-04-17,0.3484266082771489,0.39816599888879745
1011436542,sawah,Rojolele Srinuk,2026-04-24,0.27316310171221125,0.3933495011974554
1011436542,sawah,Rojolele Srinuk,2026-05-02,0.2762878319767655,0.40668329694232
1011436542,sawah,Rojolele Srinuk,2026-05-07,0.265091567010176,0.43993654627291884
1011436542,sawah,Rojolele Srinuk,2026-05-12,0.29864775279506306,0.45446129387519396
1011436542,sawah,Rojolele Srinuk,2026-05-14,0.2817301730640599,0.4700124999050234
1011436542,sawah,Rojolele Srinuk,2026-05-17,0.3220783167320197,0.14476104108158683
1011436542,sawah,Rojolele Srinuk,2026-05-27,0.42205637815545816,0.5982074229443659
1065885655,non-sawah,non-sawah,2026-03-08,-0.1538404181599617,0.009746422385796904
1065885655,non-sawah,non-sawah,2026-03-13,0.20464551001787185,0.25787426084280013
1065885655,non-sawah,non-sawah,2026-03-15,0.18357403054833413,0.2706149220466614
1065885655,non-sawah,non-sawah,2026-03-23,0.13262559249997138,0.2732751160860062
1065885655,non-sawah,non-sawah,2026-03-28,0.13968542888760566,0.2790778405964375
1065885655,non-sawah,non-sawah,2026-04-04,0.198713082075119,0.2885914146900177
1065885655,non-sawah,non-sawah,2026-04-07,0.16371074169874192,0.3148972809314728
1065885655,non-sawah,non-sawah,2026-04-12,0.13727197274565697,0.31932920813560484
1065885655,non-sawah,non-sawah,2026-04-17,0.7894593477249146,0.09242355823516846
1065885655,non-sawah,non-sawah,2026-04-24,0.2997603863477707,0.23809441775083542
1065885655,non-sawah,non-sawah,2026-05-02,0.14722441136837006,0.27169731855392454
1065885655,non-sawah,non-sawah,2026-05-07,0.1532820627093315,0.30849434733390807
1065885655,non-sawah,non-sawah,2026-05-12,0.14772465005517005,0.2854084149003029
1065885655,non-sawah,non-sawah,2026-05-14,0.1501709081232548,0.3041828513145447
1065885655,non-sawah,non-sawah,2026-05-17,0.10406688414514065,0.282539901137352
1065885655,non-sawah,non-sawah,2026-05-27,0.1582728371024132,0.2905797377228737
1114182679,non-sawah,non-sawah,2026-03-08,-0.052590619227936806,0.002453521446474248
1114182679,non-sawah,non-sawah,2026-03-13,0.22695363467594362,0.2620890891214587
1114182679,non-sawah,non-sawah,2026-03-15,0.0906830550751315,0.15183623525191028
1114182679,non-sawah,non-sawah,2026-03-23,0.11655485478915134,0.1850070168246638
1114182679,non-sawah,non-sawah,2026-03-28,0.04803786128056499,0.12811613411484463
1114182679,non-sawah,non-sawah,2026-04-04,0.18979058639620836,0.23508444062943729
1114182679,non-sawah,non-sawah,2026-04-07,0.14406004013880244,0.21964696808806006
1114182679,non-sawah,non-sawah,2026-04-12,0.10634900641820903,0.18682093486927873
1114182679,non-sawah,non-sawah,2026-04-17,-0.17680354149274105,0.10321013822729858
1114182679,non-sawah,non-sawah,2026-04-24,0.10910226643647787,0.21788237742939084
1114182679,non-sawah,non-sawah,2026-05-02,0.04495424037482941,0.17400693503331463
1114182679,non-sawah,non-sawah,2026-05-07,0.12998162125641444,0.21433819078330724
1114182679,non-sawah,non-sawah,2026-05-12,0.12676312654929342,0.19885265862323204
1114182679,non-sawah,non-sawah,2026-05-14,0.12727027344253827,0.21346074110775623
1114182679,non-sawah,non-sawah,2026-05-17,0.12109772179205462,0.18514867882543015
1114182679,non-sawah,non-sawah,2026-05-27,0.1299590406201358,0.1997699768124324
1138321007,non-sawah,non-sawah,2026-03-08,0.43911293637499493,0.02281154651757119
1138321007,non-sawah,non-sawah,2026-03-13,0.2168446053873818,0.3592560953407917
1138321007,non-sawah,non-sawah,2026-03-15,0.36118176565417703,0.5494699351630121
1138321007,non-sawah,non-sawah,2026-03-23,0.42447225784636894,0.6500962335827216
1138321007,non-sawah,non-sawah,2026-03-28,0.520996851459989,0.644525241317614
1138321007,non-sawah,non-sawah,2026-04-04,0.4602063405063917,0.5456557808057317
1138321007,non-sawah,non-sawah,2026-04-07,0.44459876193190523,0.6097664554726403
1138321007,non-sawah,non-sawah,2026-04-12,0.43447455721643735,0.6104174197282431
1138321007,non-sawah,non-sawah,2026-04-17,-0.3157303603849251,0.015103856571137308
1138321007,non-sawah,non-sawah,2026-04-24,0.3032071312784024,0.6552399481242558
1138321007,non-sawah,non-sawah,2026-05-02,0.1833713442298039,0.397144755172842
1138321007,non-sawah,non-sawah,2026-05-07,0.4447437171947281,0.6890210011657679
1138321007,non-sawah,non-sawah,2026-05-12,0.42305828209193247,0.638725441581798
1138321007,non-sawah,non-sawah,2026-05-14,0.3980050004034672,0.6383660874276791
1138321007,non-sawah,non-sawah,2026-05-17,0.49641145751723703,0.686729130036426
1138321007,non-sawah,non-sawah,2026-05-27,0.46326080765926614,0.660241665986349
1166376998,non-sawah,non-sawah,2026-03-08,-0.07465785871381345,0.03349527473682943
1166376998,non-sawah,non-sawah,2026-03-13,0.272344088424807,0.281321310478708
1166376998,non-sawah,non-sawah,2026-03-15,0.19794488860213239,0.23087059900812482
1166376998,non-sawah,non-sawah,2026-03-23,0.15615743819786154,0.21875983865364737
1166376998,non-sawah,non-sawah,2026-03-28,0.16776545102829518,0.2204803280208422
1166376998,non-sawah,non-sawah,2026-04-04,0.3822093100651451,0.1749026121004768
1166376998,non-sawah,non-sawah,2026-04-07,0.16793294542509576,0.2524018494979195
1166376998,non-sawah,non-sawah,2026-04-12,0.13064000253444133,0.2135770910460016
1166376998,non-sawah,non-sawah,2026-04-17,0.427344328035479,0.12340298246430315
1166376998,non-sawah,non-sawah,2026-04-24,0.19277079273825107,0.25788744312265643
1166376998,non-sawah,non-sawah,2026-05-02,0.21188821870347727,0.2273616434439369
1166376998,non-sawah,non-sawah,2026-05-07,0.1653698708700097,0.2505283235855725
1166376998,non-sawah,non-sawah,2026-05-12,0.1683952659368515,0.2410915247772051
1166376998,non-sawah,non-sawah,2026-05-14,0.1651429958317591,0.24661121808964273
1166376998,non-sawah,non-sawah,2026-05-17,0.17520325274571127,0.2309427361773408
1166376998,non-sawah,non-sawah,2026-05-27,0.20864547529946204,0.23014018522656482
1298196556,non-sawah,non-sawah,2026-03-08,0.5607945272478007,0.14446591611130763
1298196556,non-sawah,non-sawah,2026-03-13,0.1957425522791632,0.35440597108612626
1298196556,non-sawah,non-sawah,2026-03-15,0.22055257067589437,0.35239766702308495
1298196556,non-sawah,non-sawah,2026-03-23,0.2070682517931623,0.38772981007725504
1298196556,non-sawah,non-sawah,2026-03-28,0.23727931669455463,0.421525151421458
1298196556,non-sawah,non-sawah,2026-04-04,0.3049079151981968,0.4451178120354475
1298196556,non-sawah,non-sawah,2026-04-07,0.2782739835901786,0.5097950756297274
1298196556,non-sawah,non-sawah,2026-04-12,0.2490710785959737,0.553189698164746
1298196556,non-sawah,non-sawah,2026-04-17,0.3532280420600358,0.5218450515452078
1298196556,non-sawah,non-sawah,2026-04-24,0.3963934796846519,0.283221157425541
1298196556,non-sawah,non-sawah,2026-05-02,0.39598810836925347,0.6887731352600001
1298196556,non-sawah,non-sawah,2026-05-07,0.4276934641145043,0.7054161096023301
1298196556,non-sawah,non-sawah,2026-05-12,0.40518686743611,0.6570349734718517
1298196556,non-sawah,non-sawah,2026-05-14,0.3999651746224549,0.6487233921632929
1298196556,non-sawah,non-sawah,2026-05-17,0.4895325286661164,0.7028961706969697
1298196556,non-sawah,non-sawah,2026-05-27,0.43143254404855985,0.658892025886956
1352685554,non-sawah,non-sawah,2026-03-08,0.2876177807338536,0.036599961342290044
1352685554,non-sawah,non-sawah,2026-03-13,0.030402209491512622,0.0872371749683225
1352685554,non-sawah,non-sawah,2026-03-15,0.11639785452280194,0.13444324454758316
1352685554,non-sawah,non-sawah,2026-03-23,0.08696132423938252,0.11737467199418461
1352685554,non-sawah,non-sawah,2026-03-28,0.08949997449235525,0.09924484985822346
1352685554,non-sawah,non-sawah,2026-04-04,0.13578694523312151,0.16026100073941052
1352685554,non-sawah,non-sawah,2026-04-07,0.09897720190929249,0.1322160332929343
1352685554,non-sawah,non-sawah,2026-04-12,0.050324398254815605,0.09131139038072433
1352685554,non-sawah,non-sawah,2026-04-17,0.11965837544994429,0.14823060558410361
1352685554,non-sawah,non-sawah,2026-04-24,0.012421804094628897,0.05330262880306691
1352685554,non-sawah,non-sawah,2026-05-02,0.09649331803666428,0.10869382898090407
1352685554,non-sawah,non-sawah,2026-05-07,0.0798989781178534,0.11895358940819278
1352685554,non-sawah,non-sawah,2026-05-12,0.07747637006104924,0.10664779700891813
1352685554,non-sawah,non-sawah,2026-05-14,0.07485038113372866,0.1110572253819555
1352685554,non-sawah,non-sawah,2026-05-17,0.02276086049823789,0.07617631778703071
1352685554,non-sawah,non-sawah,2026-05-27,0.08030101086296781,0.11024856507401637
1483301791,non-sawah,non-sawah,2026-03-08,0.4021523917714755,0.1261848680054148
1483301791,non-sawah,non-sawah,2026-03-13,0.2262335903942585,0.39953466318547726
1483301791,non-sawah,non-sawah,2026-03-15,0.24988643235216537,0.38107561816771823
1483301791,non-sawah,non-sawah,2026-03-23,0.20894782152026892,0.3679767642170191
1483301791,non-sawah,non-sawah,2026-03-28,0.2484130822122097,0.4059630048771699
1483301791,non-sawah,non-sawah,2026-04-04,0.2699458704640468,0.3907544656346242
1483301791,non-sawah,non-sawah,2026-04-07,0.23856354939440885,0.4232377329220374
1483301791,non-sawah,non-sawah,2026-04-12,0.21692766901105642,0.4312083311378956
1483301791,non-sawah,non-sawah,2026-04-17,0.2617675780008237,0.40837743505835533
1483301791,non-sawah,non-sawah,2026-04-24,0.343730046103398,0.31203840983410674
1483301791,non-sawah,non-sawah,2026-05-02,0.2086504865437746,0.3965486691643794
1483301791,non-sawah,non-sawah,2026-05-07,0.23201930802315474,0.42407848313450813
1483301791,non-sawah,non-sawah,2026-05-12,0.22990676357100406,0.39001887291669846
1483301791,non-sawah,non-sawah,2026-05-14,0.22646965241680542,0.4025341520706813
1483301791,non-sawah,non-sawah,2026-05-17,0.2627488899355133,0.4317014714082082
1483301791,non-sawah,non-sawah,2026-05-27,0.2617574653898676,0.4249441164235274
1538487701,non-sawah,non-sawah,2026-03-08,0.4037097447448307,0.1240452132291264
1538487701,non-sawah,non-sawah,2026-03-13,0.32878173920843334,0.4974021679825253
1538487701,non-sawah,non-sawah,2026-03-15,0.37016440331935885,0.47917784485552045
1538487701,non-sawah,non-sawah,2026-03-23,0.33771410518222383,0.495661508374744
1538487701,non-sawah,non-sawah,2026-03-28,-0.14068505002392662,0.010373315887732638
1538487701,non-sawah,non-sawah,2026-04-04,0.46569128698772855,0.2238298088312149
1538487701,non-sawah,non-sawah,2026-04-07,0.4521065851052602,0.6063166048791674
1538487701,non-sawah,non-sawah,2026-04-12,0.4384827769464917,0.6282487137450112
1538487701,non-sawah,non-sawah,2026-04-17,0.47073167032665675,0.41625181568993463
1538487701,non-sawah,non-sawah,2026-04-24,0.4672303964694341,0.616935368710094
1538487701,non-sawah,non-sawah,2026-05-02,0.45443918572531805,0.6059283726745182
1538487701,non-sawah,non-sawah,2026-05-07,0.4463109185298284,0.616244136956003
1538487701,non-sawah,non-sawah,2026-05-12,0.41902594400776755,0.5584617664416631
1538487701,non-sawah,non-sawah,2026-05-14,0.40145856373839905,0.5520563907093472
1538487701,non-sawah,non-sawah,2026-05-17,0.46047782169448004,0.5720783051517274
1538487701,non-sawah,non-sawah,2026-05-27,0.38670030832290647,0.521112447977066
1544156028,sawah,Rojolele Srinuk,2026-03-08,0.46335425915626377,0.12424001857065238
1544156028,sawah,Rojolele Srinuk,2026-03-13,0.26710527017712593,0.5050317891515218
1544156028,sawah,Rojolele Srinuk,2026-03-15,0.11886669165239884,0.3773348176708588
1544156028,sawah,Rojolele Srinuk,2026-03-23,0.3270721790882257,0.6052989529875609
1544156028,sawah,Rojolele Srinuk,2026-03-28,0.13207522665078825,0.4434331598190161
1544156028,sawah,Rojolele Srinuk,2026-04-04,0.5643192171477355,0.3062803925803074
1544156028,sawah,Rojolele Srinuk,2026-04-07,0.44648789213253903,0.7238418265030935
1544156028,sawah,Rojolele Srinuk,2026-04-12,0.42753550295646375,0.7762704835488246
1544156028,sawah,Rojolele Srinuk,2026-04-17,0.49046513037039685,0.7018340482161596
1544156028,sawah,Rojolele Srinuk,2026-04-24,0.4520808756351471,0.7315783420434365
1544156028,sawah,Rojolele Srinuk,2026-05-02,0.12555090423959953,0.6307262847056756
1544156028,sawah,Rojolele Srinuk,2026-05-07,0.40676947281910825,0.6569530092752897
1544156028,sawah,Rojolele Srinuk,2026-05-12,0.3591621179993336,0.5520833312318876
1544156028,sawah,Rojolele Srinuk,2026-05-14,0.3242061659693718,0.5290738218105756
1544156028,sawah,Rojolele Srinuk,2026-05-17,0.4044946093971913,0.5456699946751962
1544156028,sawah,Rojolele Srinuk,2026-05-27,0.2560143717206441,0.41164322999807507
1659492564,non-sawah,non-sawah,2026-03-08,0.5745679716078135,0.04000004629891079
1659492564,non-sawah,non-sawah,2026-03-13,0.1874728950743492,0.41953249676869464
1659492564,non-sawah,non-sawah,2026-03-15,0.3858832519931289,0.4601554556821401
1659492564,non-sawah,non-sawah,2026-03-23,0.24722824725680626,0.364026687394541
1659492564,non-sawah,non-sawah,2026-03-28,0.33089821907476735,0.40017265926759976
1659492564,non-sawah,non-sawah,2026-04-04,0.3618579241805352,0.4389687616091508
1659492564,non-sawah,non-sawah,2026-04-07,0.358222279840937,0.4747764442402583
1659492564,non-sawah,non-sawah,2026-04-12,0.3490982750573984,0.5411460141722972
1659492564,non-sawah,non-sawah,2026-04-17,0.260315415628541,0.1837427144547781
1659492564,non-sawah,non-sawah,2026-04-24,0.24992605298757553,0.4930352519911069
1659492564,non-sawah,non-sawah,2026-05-02,0.36082461839899993,0.399905953484659
1659492564,non-sawah,non-sawah,2026-05-07,0.35195332744087165,0.5188932626579816
1659492564,non-sawah,non-sawah,2026-05-12,0.3267674964780991,0.477355207531498
1659492564,non-sawah,non-sawah,2026-05-14,0.309306607939876,0.48326861758071643
1659492564,non-sawah,non-sawah,2026-05-17,0.3809727971943525,0.50368942743024
1659492564,non-sawah,non-sawah,2026-05-27,0.2652706397124208,0.3673099730736934
1713850504,sawah,Membramo,2026-03-08,0.586109630142649,0.02664833751041442
1713850504,sawah,Membramo,2026-03-13,0.25999263574679693,0.3773369126021862
1713850504,sawah,Membramo,2026-03-15,0.394732720280687,0.5061911736925443
1713850504,sawah,Membramo,2026-03-23,0.5628310638169448,0.3325785557428996
1713850504,sawah,Membramo,2026-03-28,0.31646785500148933,0.458563764890035
1713850504,sawah,Membramo,2026-04-04,0.36462025220195454,0.36656151016553246
1713850504,sawah,Membramo,2026-04-07,0.2928286973387003,0.45739260613918303
1713850504,sawah,Membramo,2026-04-12,0.18536585131660105,0.37911710410068433
1713850504,sawah,Membramo,2026-04-17,0.2166819634536902,0.27696260487039887
1713850504,sawah,Membramo,2026-04-24,0.17363016388068597,0.3117707084243496
1713850504,sawah,Membramo,2026-05-02,0.15951070164640743,0.27417874298989775
1713850504,sawah,Membramo,2026-05-07,0.1517071799064676,0.3103148312618335
1713850504,sawah,Membramo,2026-05-12,0.16943096481263636,0.3256100720415513
1713850504,sawah,Membramo,2026-05-14,0.16866279703875384,0.3422276698052883
1713850504,sawah,Membramo,2026-05-17,0.4277198972335706,0.2757540721135835
1713850504,sawah,Membramo,2026-05-27,0.2856554261719187,0.5166962965081136
1734533031,sawah,Rojolele Srinuk,2026-03-08,0.4858687968314195,0.14180377789405213
1734533031,sawah,Rojolele Srinuk,2026-03-13,0.3377816216910587,0.45960691358361927
1734533031,sawah,Rojolele Srinuk,2026-03-15,0.12783887920932485,0.34999369122401003
1734533031,sawah,Rojolele Srinuk,2026-03-23,0.3606956226735556,0.497062704330232
1734533031,sawah,Rojolele Srinuk,2026-03-28,0.1377797000454504,0.3546705838574582
1734533031,sawah,Rojolele Srinuk,2026-04-04,0.5261118664961904,0.27909467150183287
1734533031,sawah,Rojolele Srinuk,2026-04-07,0.4471315590649092,0.5962240002235445
1734533031,sawah,Rojolele Srinuk,2026-04-12,0.4533343169869495,0.6335262763900917
1734533031,sawah,Rojolele Srinuk,2026-04-17,0.505271955823698,0.5980141698813238
1734533031,sawah,Rojolele Srinuk,2026-04-24,0.48009829824211214,0.6210349745610181
1734533031,sawah,Rojolele Srinuk,2026-05-02,0.17124457953169064,0.5589210226380524
1734533031,sawah,Rojolele Srinuk,2026-05-07,0.48782534728280635,0.6329984207864569
1734533031,sawah,Rojolele Srinuk,2026-05-12,0.4764461234337142,0.5950915400220567
1734533031,sawah,Rojolele Srinuk,2026-05-14,0.4427176791579783,0.5891820147257893
1734533031,sawah,Rojolele Srinuk,2026-05-17,0.551709075497479,0.6087304644224023
1734533031,sawah,Rojolele Srinuk,2026-05-27,0.3904914754528959,0.5273119679519108
1766519625,sawah,Rojolele Srinuk,2026-03-08,0.2937637379597107,0.08244768072442751
1766519625,sawah,Rojolele Srinuk,2026-03-13,0.2050613696903807,0.6222000350690868
1766519625,sawah,Rojolele Srinuk,2026-03-15,0.39576560320103005,0.48759272837475554
1766519625,sawah,Rojolele Srinuk,2026-03-23,0.40872032256567314,0.6127428739038232
1766519625,sawah,Rojolele Srinuk,2026-03-28,0.51219116416696,0.594840526784936
1766519625,sawah,Rojolele Srinuk,2026-04-04,0.5607945756757096,0.2504955196931754
1766519625,sawah,Rojolele Srinuk,2026-04-07,0.49833596018079207,0.7189649645596334
1766519625,sawah,Rojolele Srinuk,2026-04-12,0.37919583263462536,0.3512305810996523
1766519625,sawah,Rojolele Srinuk,2026-04-17,0.5253975566935866,0.6921215159435795
1766519625,sawah,Rojolele Srinuk,2026-04-24,0.38968311117528237,0.6118939725095278
1766519625,sawah,Rojolele Srinuk,2026-05-02,0.45879448827815383,0.5840686226952566
1766519625,sawah,Rojolele Srinuk,2026-05-07,0.4079904479727353,0.6108429817712471
1766519625,sawah,Rojolele Srinuk,2026-05-12,0.2746731847116392,0.15866502450877953
1766519625,sawah,Rojolele Srinuk,2026-05-14,0.3350542120329321,0.5146835344294979
1766519625,sawah,Rojolele Srinuk,2026-05-17,0.40303332680096365,0.5316402289557131
1766519625,sawah,Rojolele Srinuk,2026-05-27,0.2951051097822516,0.46128677852349736
1910120302,non-sawah,non-sawah,2026-03-08,0.3114158833330428,0.04972457497691115
1910120302,non-sawah,non-sawah,2026-03-13,0.06288464092951337,0.18403327629763494
1910120302,non-sawah,non-sawah,2026-03-15,0.1486733422174843,0.19453871136324274
1910120302,non-sawah,non-sawah,2026-03-23,0.11780463522989992,0.19092859611932742
1910120302,non-sawah,non-sawah,2026-03-28,0.15824533028838536,0.18800438684411347
1910120302,non-sawah,non-sawah,2026-04-04,0.16478797958956826,0.22123393709598868
1910120302,non-sawah,non-sawah,2026-04-07,0.14553676676694993,0.21142224101694645
1910120302,non-sawah,non-sawah,2026-04-12,0.09893310096770248,0.18737420657244339
1910120302,non-sawah,non-sawah,2026-04-17,0.154967640630073,0.19396882321409606
1910120302,non-sawah,non-sawah,2026-04-24,0.06343213940703275,0.1760702867888742
1910120302,non-sawah,non-sawah,2026-05-02,0.21189577908781185,0.18101195969049716
1910120302,non-sawah,non-sawah,2026-05-07,0.12759918754023533,0.21859035960019188
1910120302,non-sawah,non-sawah,2026-05-12,0.1221723970439699,0.19786915683222037
1910120302,non-sawah,non-sawah,2026-05-14,0.12338712059513286,0.2093822934354345
1910120302,non-sawah,non-sawah,2026-05-17,0.12643920244321366,0.19106462068804023
1910120302,non-sawah,non-sawah,2026-05-27,0.13681099660418652,0.21025344612145866
1977635023,non-sawah,non-sawah,2026-03-08,-0.32204440872320966,0.017731950762428776
1977635023,non-sawah,non-sawah,2026-03-13,0.15871982002972665,0.23206519634089667
1977635023,non-sawah,non-sawah,2026-03-15,0.2175886583783095,0.18877537764455385
1977635023,non-sawah,non-sawah,2026-03-23,0.14474788678143774,0.2361305539735178
1977635023,non-sawah,non-sawah,2026-03-28,0.15078590731266214,0.23058450837577746
1977635023,non-sawah,non-sawah,2026-04-04,0.2080866110682041,0.2612961544637823
1977635023,non-sawah,non-sawah,2026-04-07,0.16827148007235948,0.2633401350177518
1977635023,non-sawah,non-sawah,2026-04-12,0.13421049881560818,0.2558952908010714
1977635023,non-sawah,non-sawah,2026-04-17,0.2648614587520392,0.18405362205712425
1977635023,non-sawah,non-sawah,2026-04-24,0.26431959804691624,0.11028681225265456
1977635023,non-sawah,non-sawah,2026-05-02,0.06898570596120557,0.21385344937670459
1977635023,non-sawah,non-sawah,2026-05-07,0.1582129618322149,0.26711921467383004
1977635023,non-sawah,non-sawah,2026-05-12,0.14609041719105312,0.2450495702700693
1977635023,non-sawah,non-sawah,2026-05-14,0.14583471800202386,0.2573994753746253
1977635023,non-sawah,non-sawah,2026-05-17,0.08364294611191384,0.22136750384774548
1977635023,non-sawah,non-sawah,2026-05-27,0.15919196193062,0.2585744185677088
2008630796,non-sawah,non-sawah,2026-03-08,-0.2205218131957429,0.023503462069803912
2008630796,non-sawah,non-sawah,2026-03-13,0.2304652917586016,0.24283947050571442
2008630796,non-sawah,non-sawah,2026-03-15,0.2826102543831541,0.16214578889645218
2008630796,non-sawah,non-sawah,2026-03-23,0.17559273105658843,0.3054878693283274
2008630796,non-sawah,non-sawah,2026-03-28,0.1952062284343698,0.3241136727038394
2008630796,non-sawah,non-sawah,2026-04-04,0.26092490804999063,0.3086618238620544
2008630796,non-sawah,non-sawah,2026-04-07,0.2262007100193688,0.35627062970332884
2008630796,non-sawah,non-sawah,2026-04-12,0.17067955099464802,0.3348170638586698
2008630796,non-sawah,non-sawah,2026-04-17,0.3180226336515854,0.23176865681503597
2008630796,non-sawah,non-sawah,2026-04-24,0.31864337053861513,0.19214374781324622
2008630796,non-sawah,non-sawah,2026-05-02,0.17850135342123802,0.23950136461284724
2008630796,non-sawah,non-sawah,2026-05-07,0.19639411878384902,0.34946332470084845
2008630796,non-sawah,non-sawah,2026-05-12,0.1941294533650527,0.3216456293724896
2008630796,non-sawah,non-sawah,2026-05-14,0.1866289817550209,0.33439886821119974
2008630796,non-sawah,non-sawah,2026-05-17,0.20997702338722316,0.32899547912431565
2008630796,non-sawah,non-sawah,2026-05-27,0.19736866058593386,0.3192560105176454
2022391153,non-sawah,non-sawah,2026-03-08,0.5621779914945364,0.09280045167542994
2022391153,non-sawah,non-sawah,2026-03-13,0.25400474207292845,0.4167547532082868
2022391153,non-sawah,non-sawah,2026-03-15,0.2516414057629715,0.39341466235263006
2022391153,non-sawah,non-sawah,2026-03-23,0.2704153622949629,0.4731750223852162
2022391153,non-sawah,non-sawah,2026-03-28,0.3370183026750705,0.5103876407125166
2022391153,non-sawah,non-sawah,2026-04-04,0.36402377113699913,0.4719312990616475
2022391153,non-sawah,non-sawah,2026-04-07,0.3073257863787668,0.5482120273435223
2022391153,non-sawah,non-sawah,2026-04-12,0.3136044929934932,0.6249491307535209
2022391153,non-sawah,non-sawah,2026-04-17,0.41081159515306354,0.5826883084539857
2022391153,non-sawah,non-sawah,2026-04-24,0.34689819493464064,0.34483134201062576
2022391153,non-sawah,non-sawah,2026-05-02,0.38066717019371155,0.6438089531563621
2022391153,non-sawah,non-sawah,2026-05-07,0.4333305164639439,0.6783873050007969
2022391153,non-sawah,non-sawah,2026-05-12,0.44221026520244777,0.6316265668054777
2022391153,non-sawah,non-sawah,2026-05-14,0.4170068285893649,0.6242278353144813
2022391153,non-sawah,non-sawah,2026-05-17,0.471300554062639,0.6764874850798931
2022391153,non-sawah,non-sawah,2026-05-27,0.4312304240135875,0.6119537842875745
2057256375,non-sawah,non-sawah,2026-03-08,0.36594512965530157,0.13277322628224889
2057256375,non-sawah,non-sawah,2026-03-13,0.6165635281552871,0.8297312157228589
2057256375,non-sawah,non-sawah,2026-03-15,0.6422658960024515,0.7547143052021662
2057256375,non-sawah,non-sawah,2026-03-23,0.6070993707204858,0.8146754819899797
2057256375,non-sawah,non-sawah,2026-03-28,0.7146080018331608,0.18387317936867476
2057256375,non-sawah,non-sawah,2026-04-04,0.6648682989180088,0.22324238686511913
2057256375,non-sawah,non-sawah,2026-04-07,0.5226220861077309,0.6913798035432895
2057256375,non-sawah,non-sawah,2026-04-12,0.14481960966562232,0.9704389696319898
2057256375,non-sawah,non-sawah,2026-04-17,0.6860590105255445,0.8086329710980257
2057256375,non-sawah,non-sawah,2026-04-24,0.2538933552180727,0.822317685931921
2057256375,non-sawah,non-sawah,2026-05-02,0.6209920203934113,0.8722509207824866
2057256375,non-sawah,non-sawah,2026-05-07,0.6391609100004038,0.865395632882913
2057256375,non-sawah,non-sawah,2026-05-12,0.6220624949783087,0.8082625741759936
2057256375,non-sawah,non-sawah,2026-05-14,0.5913702013591925,0.8070158498982588
2057256375,non-sawah,non-sawah,2026-05-17,0.7278125944236914,0.8603613538046678
2057256375,non-sawah,non-sawah,2026-05-27,0.6774802009264628,0.7160833093027273
2074768216,sawah,Rojolele Srinuk,2026-03-08,0.5382318253685164,0.06721008984034493
2074768216,sawah,Rojolele Srinuk,2026-03-13,0.21613892032796103,0.564732942405163
2074768216,sawah,Rojolele Srinuk,2026-03-15,0.27663996288140347,0.4067896736548251
2074768216,sawah,Rojolele Srinuk,2026-03-23,0.37322803511715574,0.5798452542532211
2074768216,sawah,Rojolele Srinuk,2026-03-28,0.4492263313907905,0.5536102778559563
2074768216,sawah,Rojolele Srinuk,2026-04-04,0.5420694537210784,0.2162526178880026
2074768216,sawah,Rojolele Srinuk,2026-04-07,0.4415493727530409,0.6749299553616736
2074768216,sawah,Rojolele Srinuk,2026-04-12,0.212226971796395,0.6291009264704365
2074768216,sawah,Rojolele Srinuk,2026-04-17,0.43356588462855195,0.6902245399135871
2074768216,sawah,Rojolele Srinuk,2026-04-24,0.48517886884260497,0.7109138191546369
2074768216,sawah,Rojolele Srinuk,2026-05-02,0.5433725954702237,0.7640259771939092
2074768216,sawah,Rojolele Srinuk,2026-05-07,0.5175895928936517,0.7699474500329703
2074768216,sawah,Rojolele Srinuk,2026-05-12,0.26786451674872797,0.10758083939064769
2074768216,sawah,Rojolele Srinuk,2026-05-14,0.45670453694042745,0.6902724902501842
2074768216,sawah,Rojolele Srinuk,2026-05-17,0.5773884452029363,0.7216504422210207
2074768216,sawah,Rojolele Srinuk,2026-05-27,0.44368875586746526,0.6493720286244514
